n_estimators,max_depth,min_samples_split,accuracy,precision,recall,f1,roc_auc,fold_mean_accuracy,fold_std_accuracy,fold_min_accuracy,fold_max_accuracy,vs_baseline
300,15.0,10,0.5960264900662252,0.6020408163265306,0.7283950617283951,0.659217877094972,0.5430335097001764,0.5963440860215055,0.07503681603034772,0.5,0.7,0.0596026490066226
200,,5,0.5960264900662252,0.5961538461538461,0.7654320987654321,0.6702702702702703,0.535978835978836,0.5963440860215055,0.07201443824350645,0.5333333333333333,0.7333333333333333,0.0596026490066226
100,,2,0.5894039735099338,0.5904761904761905,0.7654320987654321,0.6666666666666666,0.5673721340388008,0.5898924731182796,0.07727465569639065,0.5161290322580645,0.7333333333333333,0.052980132450331174
300,,2,0.5894039735099338,0.5904761904761905,0.7654320987654321,0.6666666666666666,0.558641975308642,0.5898924731182796,0.09051847676147644,0.5161290322580645,0.7666666666666667,0.052980132450331174
200,15.0,5,0.5894039735099338,0.594059405940594,0.7407407407407407,0.6593406593406593,0.5583774250440917,0.5896774193548387,0.09179445889978022,0.5,0.7666666666666667,0.052980132450331174
300,15.0,5,0.5894039735099338,0.594059405940594,0.7407407407407407,0.6593406593406593,0.553615520282187,0.5896774193548387,0.07876547760587255,0.5,0.7333333333333333,0.052980132450331174
200,,10,0.5894039735099338,0.5979381443298969,0.7160493827160493,0.651685393258427,0.54673721340388,0.5901075268817204,0.08653449191583619,0.4838709677419355,0.7333333333333333,0.052980132450331174
200,,2,0.5827814569536424,0.5849056603773585,0.7654320987654321,0.6631016042780749,0.5578483245149912,0.5832258064516129,0.09317215159236457,0.5161290322580645,0.7666666666666667,0.04635761589403975
200,15.0,10,0.5827814569536424,0.5918367346938775,0.7160493827160493,0.6480446927374302,0.5425044091710759,0.5832258064516129,0.08827321758869826,0.5,0.7333333333333333,0.04635761589403975
300,15.0,2,0.5827814569536424,0.5865384615384616,0.7530864197530864,0.6594594594594595,0.5417989417989418,0.5832258064516129,0.09317215159236457,0.5161290322580645,0.7666666666666667,0.04635761589403975
100,,10,0.5827814569536424,0.59,0.7283950617283951,0.6519337016574586,0.539153439153439,0.583010752688172,0.07317960742425413,0.5,0.7,0.04635761589403975
300,,5,0.5827814569536424,0.5865384615384616,0.7530864197530864,0.6594594594594595,0.5354497354497355,0.5832258064516129,0.09782606360903752,0.5,0.7666666666666667,0.04635761589403975
300,10.0,5,0.5827814569536424,0.5849056603773585,0.7654320987654321,0.6631016042780749,0.5354497354497354,0.5832258064516129,0.06508921099465037,0.5161290322580645,0.7,0.04635761589403975
300,,10,0.5761589403973509,0.5841584158415841,0.7283950617283951,0.6483516483516484,0.5502645502645501,0.5765591397849462,0.09050263671134337,0.4666666666666667,0.7,0.039735099337748325
200,5.0,2,0.5761589403973509,0.5841584158415841,0.7283950617283951,0.6483516483516484,0.5386243386243387,0.5767741935483872,0.051011731844307906,0.4838709677419355,0.6333333333333333,0.039735099337748325
200,10.0,5,0.5761589403973509,0.5825242718446602,0.7407407407407407,0.6521739130434783,0.5384479717813051,0.5767741935483871,0.06945803774926124,0.4838709677419355,0.7,0.039735099337748325
100,8.0,5,0.5761589403973509,0.5825242718446602,0.7407407407407407,0.6521739130434783,0.5282186948853616,0.5763440860215053,0.03614566949241206,0.5333333333333333,0.6333333333333333,0.039735099337748325
100,,5,0.5695364238410596,0.5769230769230769,0.7407407407407407,0.6486486486486487,0.5451499118165785,0.5698924731182796,0.1035501177849763,0.4666666666666667,0.7666666666666667,0.03311258278145701
200,8.0,5,0.5695364238410596,0.58,0.7160493827160493,0.6408839779005525,0.5412698412698412,0.5698924731182795,0.056276738868975905,0.5161290322580645,0.6666666666666666,0.03311258278145701
100,8.0,10,0.5695364238410596,0.5851063829787234,0.6790123456790124,0.6285714285714286,0.5403880070546736,0.5696774193548387,0.058233128343536195,0.4666666666666667,0.6333333333333333,0.03311258278145701
200,8.0,10,0.5695364238410596,0.5816326530612245,0.7037037037037037,0.6368715083798883,0.535626102292769,0.5698924731182795,0.04282216720804274,0.5161290322580645,0.6333333333333333,0.03311258278145701
100,15.0,10,0.5695364238410596,0.58,0.7160493827160493,0.6408839779005525,0.5352733686067019,0.5698924731182796,0.09916520561363026,0.4666666666666667,0.7333333333333333,0.03311258278145701
300,8.0,10,0.5695364238410596,0.5816326530612245,0.7037037037037037,0.6368715083798883,0.5328042328042328,0.5698924731182795,0.06009588823015555,0.5,0.6666666666666666,0.03311258278145701
100,15.0,5,0.5629139072847682,0.5757575757575758,0.7037037037037037,0.6333333333333333,0.5504409171075837,0.5632258064516129,0.0885003068505262,0.5,0.7333333333333333,0.026490066225165587
200,5.0,10,0.5629139072847682,0.5742574257425742,0.7160493827160493,0.6373626373626373,0.5223985890652557,0.5632258064516129,0.034141435909619156,0.5161290322580645,0.6,0.026490066225165587
200,15.0,2,0.5562913907284768,0.5673076923076923,0.7283950617283951,0.6378378378378379,0.5495590828924163,0.5567741935483871,0.09034408346195089,0.4838709677419355,0.7333333333333333,0.019867549668874163
300,8.0,5,0.5562913907284768,0.57,0.7037037037037037,0.6298342541436464,0.5432098765432098,0.5569892473118279,0.06234704952397515,0.45161290322580644,0.6333333333333333,0.019867549668874163
300,8.0,2,0.5562913907284768,0.5729166666666666,0.6790123456790124,0.6214689265536724,0.5395061728395062,0.5569892473118279,0.06234704952397515,0.45161290322580644,0.6333333333333333,0.019867549668874163
100,5.0,2,0.5562913907284768,0.57,0.7037037037037037,0.6298342541436464,0.5382716049382715,0.5567741935483872,0.06787118579356334,0.4666666666666667,0.6333333333333333,0.019867549668874163
200,8.0,2,0.5562913907284768,0.5729166666666666,0.6790123456790124,0.6214689265536724,0.5365079365079365,0.5567741935483871,0.04882904503266649,0.4838709677419355,0.6333333333333333,0.019867549668874163
300,10.0,10,0.5562913907284768,0.5714285714285714,0.691358024691358,0.6256983240223464,0.5317460317460317,0.5567741935483871,0.057211576867720236,0.4838709677419355,0.6333333333333333,0.019867549668874163
100,10.0,2,0.5496688741721855,0.5643564356435643,0.7037037037037037,0.6263736263736264,0.5467372134038802,0.5498924731182796,0.06672075502680538,0.4666666666666667,0.6666666666666666,0.013245033112582849
200,10.0,2,0.5496688741721855,0.5643564356435643,0.7037037037037037,0.6263736263736264,0.5432098765432098,0.5501075268817204,0.06486857137921774,0.4838709677419355,0.6666666666666666,0.013245033112582849
100,15.0,2,0.5496688741721855,0.5670103092783505,0.6790123456790124,0.6179775280898876,0.5423280423280423,0.5503225806451613,0.09627685826506598,0.45161290322580644,0.7333333333333333,0.013245033112582849
100,10.0,5,0.5496688741721855,0.5607476635514018,0.7407407407407407,0.6382978723404256,0.535978835978836,0.5501075268817204,0.09767939847334235,0.4666666666666667,0.7333333333333333,0.013245033112582849
300,10.0,2,0.5496688741721855,0.5631067961165048,0.7160493827160493,0.6304347826086957,0.5342151675485008,0.5501075268817204,0.08291319689559275,0.4666666666666667,0.7,0.013245033112582849
200,5.0,5,0.5496688741721855,0.5631067961165048,0.7160493827160493,0.6304347826086957,0.5178130511463845,0.5496774193548387,0.06146701563333221,0.4666666666666667,0.6333333333333333,0.013245033112582849
100,5.0,5,0.5496688741721855,0.5643564356435643,0.7037037037037037,0.6263736263736264,0.510758377425044,0.5496774193548386,0.014921074201033679,0.5333333333333333,0.5666666666666667,0.013245033112582849
200,10.0,10,0.543046357615894,0.5612244897959183,0.6790123456790124,0.6145251396648045,0.5388007054673721,0.5434408602150538,0.07415021330667787,0.43333333333333335,0.6333333333333333,0.0066225165562914245
300,5.0,2,0.543046357615894,0.5588235294117647,0.7037037037037037,0.6229508196721312,0.5292768959435626,0.5434408602150538,0.060995707682164405,0.4838709677419355,0.6333333333333333,0.0066225165562914245
300,5.0,5,0.543046357615894,0.5576923076923077,0.7160493827160493,0.6270270270270271,0.5121693121693122,0.5432258064516129,0.04672856506382404,0.4666666666666667,0.6,0.0066225165562914245
100,10.0,10,0.5298013245033113,0.5520833333333334,0.654320987654321,0.5988700564971752,0.5343915343915344,0.5301075268817204,0.0451049315515688,0.4666666666666667,0.5666666666666667,-0.0066225165562913135
100,8.0,2,0.5298013245033113,0.5531914893617021,0.6419753086419753,0.5942857142857143,0.5292768959435625,0.5303225806451612,0.05157435836707845,0.45161290322580644,0.6,-0.0066225165562913135
100,5.0,10,0.5298013245033113,0.5520833333333334,0.654320987654321,0.5988700564971752,0.519753086419753,0.5303225806451612,0.059571833359942206,0.45161290322580644,0.6333333333333333,-0.0066225165562913135
300,5.0,10,0.5231788079470199,0.5454545454545454,0.6666666666666666,0.6,0.5194003527336861,0.5232258064516129,0.044238393906571666,0.4666666666666667,0.6,-0.013245033112582738
